City_ID,City,Lat,Lng,Max Temp,Humidity,Cloudiness,Wind Speed,Country,Date
0,georgetown,5.41,100.34,78.8,94,20,4.7,MY,1605216331
1,pevek,69.7,170.31,8.15,94,41,7.52,RU,1605216331
2,aklavik,68.22,-135.01,6.8,84,90,13.87,CA,1605216332
3,yumen,40.28,97.2,30.69,75,25,7.58,CN,1605216332
4,hay river,60.82,-115.8,19.4,62,97,12.75,CA,1605216332
5,ponta do sol,32.67,-17.1,68.0,77,20,3.36,PT,1605216332
6,sebastian,35.17,-94.27,69.8,37,1,8.05,US,1605216332
7,yarmouth,41.71,-70.23,53.01,87,90,17.22,US,1605216232
8,avarua,-21.21,-159.78,78.8,78,56,4.7,CK,1605216332
9,laiyang,36.98,120.71,48.99,89,0,4.25,CN,1605216333
10,avera,33.19,-82.53,80.6,74,75,8.05,US,1605216333
11,clyde river,70.47,-68.59,-0.4,64,75,27.51,CA,1605216333
12,san patricio,28.02,-97.52,82.99,65,40,11.41,US,1605216333
13,salekhard,66.53,66.6,-2.16,92,90,5.64,RU,1605216333
14,daoukro,7.06,-3.96,76.15,70,88,1.14,CI,1605216333
15,karlstad,59.38,13.5,39.2,100,100,5.82,SE,1605216285
16,upata,8.01,-62.4,79.45,84,34,4.07,VE,1605216334
17,ushuaia,-54.8,-68.3,59.0,44,75,13.87,AR,1605216061
18,bogotol,56.21,89.53,31.26,92,72,16.87,RU,1605216334
19,rikitea,-23.12,-134.97,73.92,78,97,16.53,PF,1605216334
20,laguna,38.42,-121.42,64.0,36,1,5.82,US,1605216334
21,albany,42.6,-73.97,48.99,64,100,5.01,US,1605216334
22,thiruvananthapuram,8.48,76.92,82.4,94,40,1.12,IN,1605216335
23,yellowknife,62.46,-114.35,19.99,92,75,13.87,CA,1605216291
24,cherskiy,68.75,161.3,3.87,95,100,8.95,RU,1605216335
25,mataura,-46.19,168.86,63.0,65,24,5.01,NZ,1605216335
26,castro,-24.79,-50.01,69.57,84,99,3.22,BR,1605216335
27,punta arenas,-53.15,-70.92,57.2,54,75,25.28,CL,1605216211
28,geraldton,-28.77,114.6,59.0,87,75,6.93,AU,1605216336
29,qaanaaq,77.48,-69.36,7.45,78,99,7.11,GL,1605216336
30,aguimes,27.91,-15.45,71.6,83,0,10.29,ES,1605216336
31,saldanha,-33.01,17.94,69.8,35,0,3.36,ZA,1605216336
32,kenai,60.55,-151.26,35.6,93,90,9.19,US,1605216270
33,puerto ayora,-0.74,-90.35,73.4,69,75,3.36,EC,1605216336
34,kargat,55.2,80.28,26.01,92,100,8.59,RU,1605216337
35,kodiak,57.79,-152.41,42.8,48,75,14.99,US,1605216337
36,hobart,-42.88,147.33,66.0,51,20,17.22,AU,1605216304
37,vaini,-21.2,-175.2,82.4,78,75,10.29,TO,1605216337
38,kaolinovo,43.62,27.12,48.99,92,100,7.36,BG,1605216337
39,busselton,-33.65,115.33,52.0,96,9,6.62,AU,1605216337
40,bluff,-46.6,168.33,63.0,65,10,5.01,NZ,1605216338
41,pareora,-44.49,171.21,63.0,78,0,3.0,NZ,1605216338
42,hermanus,-34.42,19.23,71.01,55,12,8.66,ZA,1605216338
43,cidreira,-30.18,-50.21,70.14,84,23,7.54,BR,1605216338
44,hithadhoo,-0.6,73.08,81.5,78,100,10.54,MV,1605216069
45,harper,4.38,-7.72,78.15,87,100,6.49,LR,1605216338
46,maragogi,-9.01,-35.22,76.86,82,0,8.61,BR,1605216061
47,jamestown,42.1,-79.24,46.99,56,1,9.17,US,1605216339
48,kapaa,22.08,-159.32,82.4,61,20,17.22,US,1605216339
49,jumla,29.27,82.18,43.18,51,0,4.83,NP,1605216339
50,hamilton,39.18,-84.53,55.99,37,1,4.18,US,1605216339
51,hesperia,34.43,-117.3,64.99,18,1,0.78,US,1605216339
52,zhumadian,32.98,114.03,53.33,64,0,3.51,CN,1605216339
53,victoria,22.29,114.16,72.0,52,43,1.01,HK,1605216087
54,iqaluit,63.75,-68.51,17.6,67,75,9.17,CA,1605216340
55,curanilahue,-37.47,-73.35,65.91,48,100,8.88,CL,1605216340
56,lebu,-37.62,-73.65,57.92,77,100,13.04,CL,1605216340
57,alofi,-19.06,-169.92,82.4,69,75,12.75,NU,1605216340
58,tigil,57.8,158.67,18.81,97,89,2.3,RU,1605216340
59,oranjemund,-28.55,16.43,68.92,48,0,6.24,NA,1605216341
60,axim,4.87,-2.24,79.39,85,5,6.76,GH,1605216341
61,pangnirtung,66.15,-65.71,10.4,72,90,2.24,CA,1605216341
62,liling,27.67,113.5,50.0,100,0,2.06,CN,1605216341
63,tairua,-37.02,175.85,64.0,60,4,1.43,NZ,1605216341
64,ostrovnoy,68.05,39.51,26.04,92,0,8.39,RU,1605216341
65,saskylakh,71.92,114.08,-12.91,89,50,1.63,RU,1605216341
66,hilo,19.73,-155.09,82.4,65,1,9.17,US,1605216342
67,aswan,24.09,32.91,67.24,36,0,11.88,EG,1605216342
68,yanam,16.73,82.22,77.81,83,33,7.11,IN,1605216342
69,east london,-33.02,27.91,67.33,79,40,19.04,ZA,1605216342
70,baruun-urt,46.68,113.28,25.23,85,47,11.56,MN,1605216342
71,sangar,63.92,127.47,6.8,93,100,11.99,RU,1605216342
72,saint george,37.1,-113.58,55.99,34,1,3.36,US,1605216195
73,arraial do cabo,-22.97,-42.03,77.0,88,75,3.36,BR,1605216137
74,norman wells,65.28,-126.83,6.8,84,75,4.7,CA,1605216343
75,airai,-8.93,125.41,61.95,80,95,2.39,TL,1605216343
76,dikson,73.51,80.55,4.5,95,81,2.98,RU,1605216343
77,cape town,-33.93,18.42,71.01,72,0,2.24,ZA,1605216125
78,praia da vitoria,38.73,-27.07,60.8,82,75,8.39,PT,1605216246
79,matamoros,25.53,-103.25,86.0,14,5,4.56,MX,1605216344
80,buala,-8.14,159.59,82.98,79,100,7.54,SB,1605216344
81,yulara,-25.24,130.99,69.8,26,0,8.05,AU,1605216344
82,buraydah,26.33,43.98,69.8,94,40,10.29,SA,1605216344
83,klaksvik,62.23,-6.59,48.2,93,100,27.51,FO,1605216344
84,carnarvon,-24.87,113.63,64.4,77,75,9.17,AU,1605216345
85,doraha,30.82,76.02,60.28,32,0,3.6,IN,1605216345
86,barrow,71.29,-156.79,10.4,78,75,10.29,US,1605216345
87,kandrian,-6.22,149.55,77.25,81,47,3.65,PG,1605216345
88,praia,14.92,-23.51,78.8,65,0,16.11,CV,1605216345
89,atar,20.52,-13.05,84.6,14,71,8.05,MR,1605216345
90,hualmay,-11.1,-77.61,68.25,69,55,9.53,PE,1605216345
91,leningradskiy,69.38,178.42,17.08,94,100,8.3,RU,1605216346
92,qaqortoq,60.72,-46.03,17.6,61,87,3.36,GL,1605216346
93,new norfolk,-42.78,147.06,66.0,70,87,1.99,AU,1605216346
94,acapulco,16.86,-99.89,86.0,70,5,8.05,MX,1605216346
95,mahebourg,-20.41,57.7,75.2,83,40,12.75,MU,1605216347
96,dubreka,9.79,-13.52,84.2,79,20,1.43,GN,1605216347
97,tura,25.52,90.22,65.12,77,0,4.81,IN,1605216347
98,bambous virieux,-20.34,57.76,75.2,83,40,12.75,MU,1605216347
99,kiunga,-6.12,141.29,73.58,93,47,1.16,PG,1605216347
100,tuktoyaktuk,69.45,-133.04,1.4,84,75,13.87,CA,1605216347
101,saravena,6.95,-71.88,86.77,66,66,0.69,CO,1605216347
102,naze,28.37,129.48,69.8,60,0,17.22,JP,1605216348
103,esperance,-33.87,121.9,51.8,93,19,13.87,AU,1605216348
104,necochea,-38.55,-58.74,73.9,59,35,14.2,AR,1605216348
105,soyo,-6.13,12.37,79.57,85,99,9.08,AO,1605216348
106,molfetta,41.2,16.6,51.8,93,0,5.82,IT,1605216348
107,the valley,18.22,-63.06,82.4,78,40,14.99,AI,1605216348
108,nikolskoye,59.7,30.79,41.0,86,90,2.24,RU,1605216348
109,chuy,-33.7,-53.46,66.52,84,15,12.35,UY,1605216349
110,severo-kurilsk,50.68,156.12,37.26,80,61,8.93,RU,1605216349
111,atuona,-9.8,-139.03,78.15,71,0,11.9,PF,1605216349
112,fortuna,40.6,-124.16,57.99,54,1,6.22,US,1605216349
113,santa cruz de la palma,28.68,-17.76,70.0,83,0,2.24,ES,1605216349
114,bethel,41.37,-73.41,44.6,81,90,10.29,US,1605216350
115,oktyabrskiy,54.48,53.47,26.62,97,100,10.4,RU,1605216350
116,bardoli,21.12,73.12,69.24,38,0,5.77,IN,1605216350
117,olinda,-8.01,-34.86,80.6,74,40,8.05,BR,1605216350
118,anadyr,64.75,177.48,24.8,79,100,4.47,RU,1605216350
119,kjollefjord,70.95,27.35,35.6,80,0,19.46,NO,1605216127
120,te anau,-45.42,167.72,57.78,53,53,4.72,NZ,1605216351
121,lagoa,39.05,-27.98,63.43,82,6,9.91,PT,1605216351
122,lohja,60.25,24.07,42.01,81,100,4.0,FI,1605216351
123,bathsheba,13.22,-59.52,80.6,83,40,9.17,BB,1605216351
124,constitucion,-35.33,-72.42,62.71,62,100,13.94,CL,1605216351
125,qasigiannguit,68.82,-51.19,26.6,68,100,18.34,GL,1605216352
126,saint-philippe,-21.36,55.77,73.4,73,75,5.82,RE,1605216352
127,sitka,57.05,-135.33,42.8,81,90,10.29,US,1605216352
128,namatanai,-3.67,152.43,81.25,78,90,0.92,PG,1605216352
129,khatanga,71.97,102.5,-11.83,90,0,8.21,RU,1605216352
130,harrisburg,40.27,-76.88,50.0,61,90,9.17,US,1605216303
131,wajir,1.75,40.06,82.31,63,3,7.92,KE,1605216353
132,prince rupert,54.32,-130.32,42.8,86,90,11.41,CA,1605216353
133,pacific grove,36.62,-121.92,61.0,51,1,8.05,US,1605216353
134,bredasdorp,-34.53,20.04,65.05,72,7,3.13,ZA,1605216353
135,port alfred,-33.59,26.89,66.38,83,1,25.1,ZA,1605216353
136,bondo,3.81,23.69,69.98,77,72,2.62,CD,1605216353
137,pak chong,14.71,101.42,68.0,99,31,9.22,TH,1605216354
138,port blair,11.67,92.75,80.87,80,37,14.5,IN,1605216129
139,novyy urengoy,66.08,76.63,-7.53,91,65,8.93,RU,1605216354
140,athabasca,54.72,-113.29,26.6,68,65,6.93,CA,1605216194
141,butaritari,3.07,172.79,80.91,77,100,13.98,KI,1605216354
142,tabou,4.42,-7.35,78.64,86,77,5.35,CI,1605216354
143,shu,43.6,73.76,35.65,85,100,3.0,KZ,1605216355
144,grand gaube,-20.01,57.66,75.0,78,1,1.99,MU,1605216355
145,baglung,28.27,83.59,56.73,36,0,5.61,NP,1605216355
146,thompson,55.74,-97.86,-0.4,77,20,3.36,CA,1605216355
147,esmeraldas,-19.76,-44.31,78.8,83,75,4.7,BR,1605216282
148,cayenne,4.93,-52.33,82.4,83,90,5.82,GF,1605216355
149,cabo san lucas,22.89,-109.91,81.0,57,40,9.17,MX,1605216356
150,phan thiet,10.93,108.1,74.26,88,100,3.38,VN,1605216356
151,kerouane,9.27,-9.02,72.09,42,0,2.57,GN,1605216356
152,gimli,50.63,-96.99,19.4,67,100,9.17,CA,1605216356
153,mar del plata,-38.0,-57.56,66.2,77,0,19.46,AR,1605216061
154,hervey bay,-25.3,152.85,78.01,64,75,8.05,AU,1605216357
155,guerrero negro,27.98,-114.06,71.4,48,10,13.56,MX,1605216357
156,gat,31.61,34.76,66.99,84,0,4.81,IL,1605216124
157,hun,29.13,15.95,62.71,68,99,4.59,LY,1605216357
158,pita,10.83,-12.58,74.17,41,0,4.47,GN,1605216357
159,matagami,49.75,-77.63,37.4,80,90,4.7,CA,1605216357
160,sembe,1.65,14.58,76.39,72,87,0.96,CG,1605216357
161,langxiang,46.95,128.88,24.66,94,91,7.96,CN,1605216358
162,christiansfeld,55.36,9.49,45.0,100,56,4.7,DK,1605216358
163,berlevag,70.86,29.09,35.6,80,0,33.33,NO,1605216358
164,hambantota,6.12,81.12,78.28,82,84,3.76,LK,1605216358
165,comodoro rivadavia,-45.87,-67.5,80.6,18,20,17.22,AR,1605216284
166,tomatlan,19.93,-105.25,86.16,59,17,7.36,MX,1605216358
167,tamboril,19.49,-70.61,78.8,94,75,12.75,DO,1605216359
168,kahului,20.89,-156.47,82.4,65,40,21.92,US,1605216242
169,husavik,66.04,-17.34,39.2,69,90,5.82,IS,1605216359
170,itarema,-2.92,-39.92,80.29,73,40,16.28,BR,1605216359
171,tiksi,71.69,128.87,2.26,93,95,2.98,RU,1605216359
172,suntar,62.14,117.63,21.24,97,98,6.42,RU,1605216359
173,college,64.86,-147.8,19.0,77,40,0.81,US,1605216360
174,vardo,70.37,31.11,35.6,93,75,34.45,NO,1605216360
175,tevriz,57.51,72.4,18.9,95,99,3.8,RU,1605216360
176,salalah,17.02,54.09,78.8,69,20,4.7,OM,1605216360
177,adrar,20.5,-10.07,80.46,16,3,5.66,MR,1605216360
178,singaparna,-7.35,108.11,71.64,88,59,1.99,ID,1605216361
179,upernavik,72.79,-56.15,17.62,94,100,28.79,GL,1605216361
180,katsuura,35.13,140.3,53.6,62,75,9.17,JP,1605216361
181,jacareacanga,-6.22,-57.75,74.5,96,100,3.96,BR,1605216361
182,lucea,18.45,-78.17,86.0,79,75,14.99,JM,1605216361
183,kavieng,-2.57,150.8,83.25,71,46,3.74,PG,1605216186
184,formosa,-26.18,-58.18,89.6,40,20,9.17,AR,1605216362
185,tazovskiy,67.47,78.7,-8.19,91,73,8.79,RU,1605216362
186,aden,12.78,45.04,79.65,73,1,9.33,YE,1605216313
187,mount gambier,-37.83,140.77,53.6,100,90,8.05,AU,1605216362
188,mahon,39.89,4.27,60.8,93,20,3.36,ES,1605216362
189,touros,-5.2,-35.46,80.6,74,0,12.75,BR,1605216362
190,poronaysk,49.22,143.12,42.44,92,100,12.91,RU,1605216363
191,ekibastuz,51.67,75.37,22.69,95,0,14.32,KZ,1605216363
192,asosa,10.07,34.53,66.74,57,0,3.8,ET,1605216363
193,san policarpo,12.18,125.51,81.34,84,92,6.11,PH,1605216363
194,carauari,-4.88,-66.9,91.36,58,88,0.92,BR,1605216091
195,freeport,40.66,-73.58,52.0,71,90,13.87,US,1605216364
196,bubaque,11.28,-15.83,84.76,72,0,8.61,GW,1605216364
197,hasaki,35.73,140.83,44.6,87,75,8.05,JP,1605216364
198,gravdal,68.12,13.5,48.2,70,75,10.29,NO,1605216364
199,ilulissat,69.22,-51.1,26.6,68,100,18.34,GL,1605216364
200,ancud,-41.87,-73.82,64.0,59,90,6.93,CL,1605216364
201,mafeteng,-29.82,27.24,63.55,51,1,5.77,LS,1605216365
202,akureyri,65.68,-18.09,39.2,69,90,5.82,IS,1605216365
203,road town,18.42,-64.62,81.0,74,20,9.17,VG,1605216365
204,padang,-0.95,100.35,77.81,80,94,4.92,ID,1605216365
205,olafsvik,64.89,-23.71,39.04,80,100,22.37,IS,1605216365
206,brae,60.4,-1.35,50.0,93,40,21.92,GB,1605216365
207,phetchaburi,12.97,99.58,75.0,84,98,4.34,TH,1605216366
208,andrews,32.32,-102.55,77.0,14,1,6.93,US,1605216366
209,emerald,-23.53,148.17,73.4,64,33,11.41,AU,1605216366
210,guane,22.2,-84.09,84.67,67,15,4.63,CU,1605216366
211,nishihara,26.18,127.76,71.6,83,75,18.34,JP,1605216366
212,ishinomaki,38.42,141.3,35.6,81,20,4.7,JP,1605216366
213,nago,26.59,127.98,71.6,78,90,16.11,JP,1605216367
214,santo antonio do ica,-3.1,-67.94,87.39,69,93,1.7,BR,1605216367
215,payson,40.04,-111.73,39.2,41,1,5.82,US,1605216198
216,mount isa,-20.73,139.5,78.8,65,0,4.7,AU,1605216367
217,kant,27.8,79.8,66.69,44,0,5.06,IN,1605216367
218,talnakh,69.49,88.4,-9.4,83,62,20.13,RU,1605216367
219,moranbah,-22.0,148.05,70.66,62,1,4.68,AU,1605216368
220,narsaq,60.92,-46.05,17.6,61,89,3.36,GL,1605216368
221,zheleznodorozhnyy,55.75,38.0,37.4,93,75,2.24,RU,1605216368
222,tshikapa,-6.42,20.8,71.06,93,100,1.34,CD,1605216368
223,vila velha,-20.33,-40.29,78.8,74,40,14.99,BR,1605216368
224,pemangkat,1.17,108.97,77.22,91,28,7.83,ID,1605216368
225,mabaruma,8.2,-59.78,78.69,91,99,3.87,GY,1605216369
226,tasiilaq,65.61,-37.64,23.0,53,58,3.36,GL,1605216369
227,fort-shevchenko,44.51,50.26,39.02,72,100,7.09,KZ,1605216369
228,soltsy,58.12,30.32,38.19,91,72,2.95,RU,1605216369
229,acajutla,13.59,-89.83,82.0,86,23,7.72,SV,1605216367
230,eyl,7.98,49.82,77.47,77,100,15.03,SO,1605216369
231,plettenberg bay,-34.05,23.37,67.48,69,0,5.44,ZA,1605216370
232,drumnadrochit,57.33,-4.48,51.8,71,20,14.99,GB,1605216370
233,plouzane,48.38,-4.62,51.8,87,75,11.41,FR,1605216370
234,acarau,-2.89,-40.12,80.65,72,48,17.27,BR,1605216370
235,udachnyy,66.42,112.4,14.0,92,90,6.71,RU,1605216370
236,longyearbyen,78.22,15.64,33.8,86,75,5.82,SJ,1605216370
237,kibala,9.11,18.35,80.6,57,0,2.15,TD,1605216371
238,iquique,-20.22,-70.14,68.0,60,0,19.46,CL,1605216251
239,chokurdakh,70.63,147.92,-13.97,90,76,4.12,RU,1605216371
240,souillac,-20.52,57.52,75.2,83,40,12.75,MU,1605216372
241,chalmette,29.94,-89.96,80.6,73,1,6.93,US,1605216362
242,klyuchi,52.27,79.17,25.95,96,92,10.2,RU,1605216372
243,dubai,25.26,55.3,80.6,65,0,5.82,AE,1605216344
244,dom pedrito,-30.98,-54.67,73.45,68,6,6.33,BR,1605216372
245,igrim,63.19,64.42,15.58,95,99,10.71,RU,1605216372
246,kendari,-3.94,122.5,79.11,83,48,2.42,ID,1605216373
247,murakami,38.23,139.48,44.6,81,40,8.05,JP,1605216373
248,pilar,-9.6,-35.96,77.0,88,20,9.17,BR,1605216373
249,matam,15.62,-13.33,96.8,20,0,4.7,SN,1605216373
250,bima,-8.47,118.72,78.4,86,6,2.71,ID,1605216373
251,nazret,8.55,39.27,59.2,44,3,8.08,ET,1605216373
252,christchurch,-43.53,172.63,71.01,63,40,2.24,NZ,1605216374
253,nizhniy lomov,53.53,43.68,29.5,96,66,9.95,RU,1605216374
254,havoysund,71.0,24.66,39.2,80,0,27.51,NO,1605216374
255,luderitz,-26.65,15.16,62.35,71,0,2.37,NA,1605216374
256,caravelas,-17.71,-39.25,75.99,75,89,10.38,BR,1605216374
257,puerto del rosario,28.5,-13.86,69.8,88,20,6.93,ES,1605216374
258,bandarbeyla,9.49,50.81,75.92,80,24,16.49,SO,1605216374
259,tuatapere,-46.13,167.68,63.0,65,27,5.01,NZ,1605216375
260,pafos,34.77,32.42,62.6,77,20,8.05,CY,1605216375
261,rabat,33.99,-6.84,53.6,87,68,4.7,MA,1605216375
262,vallenar,-28.57,-70.76,77.68,29,19,10.18,CL,1605216375
263,borogontsy,62.67,131.17,2.03,93,94,5.75,RU,1605216375
264,benemerito de las americas,16.52,-90.64,87.21,55,65,4.0,MX,1605216375
265,russell,32.35,-85.2,78.8,57,1,12.75,US,1605216376
266,sorong,-0.88,131.25,78.89,82,100,6.93,ID,1605216376
267,kizukuri,40.81,140.39,41.0,93,24,5.73,JP,1605216376
268,kruisfontein,-34.0,24.73,64.0,84,0,3.0,ZA,1605216376
269,wilhelmshaven,53.52,8.13,51.01,93,40,8.05,DE,1605216376
270,umm kaddadah,13.6,26.69,75.22,19,0,16.15,SD,1605216376
271,grindavik,63.84,-22.43,41.0,86,90,20.8,IS,1605216377
272,srednekolymsk,67.45,153.68,-13.31,89,97,5.1,RU,1605216377
273,fenoarivo atsinanana,-17.37,49.42,73.53,79,84,4.25,MG,1605216377
274,hami,42.8,93.45,34.68,77,15,1.1,CN,1605216377
275,tiruchchendur,8.48,78.12,81.81,80,100,6.78,IN,1605216377
276,kununurra,-15.77,128.73,82.4,94,78,9.17,AU,1605216377
277,atyrau,47.12,51.88,30.2,68,75,6.71,KZ,1605216378
278,issenye,-2.0,34.33,67.39,84,53,1.92,TZ,1605216378
279,lao cai,22.48,103.95,64.26,70,12,1.63,VN,1605216378
280,mecca,21.43,39.83,76.42,59,9,4.74,SA,1605216378
281,sao joao da barra,-21.64,-41.05,77.0,83,0,9.17,BR,1605216378
282,bull savanna,17.89,-77.59,81.64,81,94,4.07,JM,1605216379
283,yeppoon,-23.13,150.73,73.4,64,40,4.7,AU,1605216379
284,carrickfergus,54.72,-5.81,54.0,81,100,18.34,GB,1605216379
285,kenora,49.82,-94.43,21.2,79,90,6.93,CA,1605216379
286,faya,18.39,42.45,62.6,93,20,2.42,SA,1605216379
287,vao,-22.67,167.48,73.4,84,99,12.71,NC,1605216379
288,taoudenni,22.68,-3.98,77.74,17,50,11.3,ML,1605216379
289,santa quiteria,-4.33,-40.16,90.57,37,62,4.85,BR,1605216380
290,mayumba,-3.43,10.66,78.51,89,100,7.49,GA,1605216380
291,lasa,46.62,10.7,33.8,80,5,1.54,IT,1605216380
292,nanga eboko,4.68,12.37,72.1,71,59,2.62,CM,1605216380
293,alanya,36.54,32.0,55.4,87,0,5.82,TR,1605216215
294,nizhniy tsasuchey,50.52,115.13,24.4,86,0,4.7,RU,1605216380
295,nelson bay,-32.72,152.15,70.0,83,0,8.05,AU,1605216381
296,skelleftea,64.75,20.95,41.0,86,90,12.75,SE,1605216381
297,rawson,-43.3,-65.1,73.71,30,25,15.32,AR,1605216381
298,provideniya,64.38,-173.3,32.0,95,90,15.66,RU,1605216381
299,saint-joseph,-21.37,55.62,73.4,73,75,5.82,RE,1605216381
300,umm lajj,25.02,37.27,73.89,65,0,10.11,SA,1605216381
301,qinhuangdao,39.93,119.59,47.08,51,0,8.77,CN,1605216381
302,los llanos de aridane,28.66,-17.92,70.0,83,0,2.24,ES,1605216382
303,ambilobe,-13.2,49.05,73.94,82,72,3.33,MG,1605216382
304,tual,-5.67,132.75,83.19,73,50,6.31,ID,1605216382
305,beringovskiy,63.05,179.32,19.98,96,100,15.79,RU,1605216382
306,kibara,-2.15,33.45,73.29,72,34,8.32,TZ,1605216382
307,brokopondo,4.75,-55.17,86.86,64,83,8.88,SR,1605216382
308,port hedland,-20.32,118.57,77.0,61,4,10.29,AU,1605216383
309,whakatane,-37.96,176.99,65.34,63,0,2.73,NZ,1605216383
310,half moon bay,37.46,-122.43,62.01,71,1,19.46,US,1605216383
311,quatre cocos,-20.21,57.76,75.2,83,40,12.75,MU,1605216383
312,palmer,42.16,-72.33,50.0,87,75,5.82,US,1605216383
313,nioki,-2.72,17.68,71.37,97,100,2.71,CD,1605216383
314,dakar,14.69,-17.44,80.6,65,0,12.28,SN,1605216227
315,kaitangata,-46.28,169.85,62.01,62,91,5.01,NZ,1605216384
316,crusetu,44.63,23.67,39.2,86,40,4.7,RO,1605216384
317,dudinka,69.41,86.18,-9.4,83,77,20.13,RU,1605216384
318,wilmington,34.23,-77.94,64.4,93,90,16.11,US,1605216157
319,askiz,53.13,90.53,34.81,83,84,16.8,RU,1605216384
320,allapalli,19.42,80.07,68.77,88,93,1.57,IN,1605216385
321,coquimbo,-29.95,-71.34,59.0,77,90,9.17,CL,1605216094
322,lewistown,40.6,-77.57,48.2,70,1,9.17,US,1605216385
323,antalaha,-14.9,50.28,73.83,84,80,2.91,MG,1605216385
324,toamasina,-18.17,49.38,75.2,78,40,5.82,MG,1605216385
325,fairbanks,64.84,-147.72,19.0,84,20,0.89,US,1605216213
326,faanui,-16.48,-151.75,79.7,74,59,8.37,PF,1605216386
327,guilin,25.28,110.29,48.2,93,0,5.03,CN,1605216386
328,kaeo,-35.1,173.78,69.01,71,3,3.0,NZ,1605216386
329,bengkulu,-3.8,102.27,75.87,87,25,4.27,ID,1605216386
330,cocobeach,1.0,9.58,80.6,83,40,5.82,GA,1605216386
331,chumikan,54.72,135.31,28.47,98,100,4.63,RU,1605216386
332,floro,61.6,5.03,55.4,50,100,19.46,NO,1605216386
333,mayskiy,47.69,40.1,28.4,79,0,2.24,RU,1605216387
334,pisco,-13.7,-76.22,71.6,68,0,17.22,PE,1605216260
335,oranjestad,12.52,-70.03,82.4,78,20,4.7,AW,1605216317
336,chachapoyas,-6.23,-77.87,62.29,77,77,3.29,PE,1605216387
337,la ronge,55.1,-105.28,8.6,71,92,10.29,CA,1605216387
338,torbay,47.67,-52.73,54.0,87,75,25.28,CA,1605216338
339,lermontovka,47.15,134.34,28.92,94,100,10.74,RU,1605216388
340,vostok,46.49,135.88,27.72,99,100,10.04,RU,1605216388
341,babu,24.42,111.52,55.42,63,3,3.94,CN,1605216388
342,aksarka,66.56,67.8,-5.1,92,88,8.19,RU,1605216388
343,west bay,19.37,-81.42,86.0,74,20,6.93,KY,1605216388
344,kango,0.19,10.1,75.38,95,100,1.72,GA,1605216388
345,sao filipe,14.9,-24.5,81.34,64,0,3.83,CV,1605216389
346,lorengau,-2.02,147.27,83.5,69,100,5.19,PG,1605216389
347,san quintin,30.48,-115.95,67.08,51,100,11.63,MX,1605216389
348,dingle,11.0,122.67,75.33,91,73,1.12,PH,1605216389
349,penzance,50.12,-5.54,53.6,87,75,17.22,GB,1605216389
350,ixtapa,20.7,-105.2,84.2,66,5,10.29,MX,1605216389
351,domoni,-12.26,44.53,77.67,78,67,1.99,KM,1605216390
352,broome,42.25,-75.83,45.0,69,1,10.29,US,1605216390
353,auki,-8.77,160.7,83.08,76,92,4.12,SB,1605216390
354,moussoro,13.64,16.49,85.91,26,0,7.16,TD,1605216390
355,alice springs,-23.7,133.88,75.0,16,0,4.7,AU,1605216390
356,paamiut,61.99,-49.67,31.46,80,100,6.64,GL,1605216390
357,luena,-11.78,19.92,61.74,90,4,0.78,AO,1605216391
358,wladyslawowo,54.79,18.4,45.0,86,90,6.93,PL,1605216391
359,abu samrah,35.3,37.18,62.67,56,3,5.08,SY,1605216391
360,fomboni,-12.28,43.74,79.83,72,47,3.91,KM,1605216391
361,okmulgee,35.62,-95.96,71.6,40,1,10.29,US,1605216149
362,nantucket,41.28,-70.1,53.6,87,90,24.16,US,1605216392
363,kyshtovka,56.55,76.63,20.84,97,44,6.69,RU,1605216392
364,pacifica,37.61,-122.49,61.0,55,75,5.82,US,1605216392
365,wanning,18.8,110.4,68.23,68,54,12.21,CN,1605216392
366,nome,64.5,-165.41,30.99,100,90,4.25,US,1605216392
367,epping,-33.77,151.08,72.0,78,100,1.01,AU,1605216392
368,kudahuvadhoo,2.67,72.89,82.56,72,100,4.94,MV,1605216392
369,pathanamthitta,9.27,76.78,75.36,89,100,0.2,IN,1605216393
370,bay roberts,47.6,-53.26,53.01,89,100,5.99,CA,1605216393
371,codrington,-38.27,141.97,54.9,88,100,9.98,AU,1605216393
372,yaan,7.38,8.57,77.47,53,99,2.17,NG,1605216393
373,poya,-21.35,165.15,76.8,69,87,5.86,NC,1605216393
374,marsh harbour,26.54,-77.06,80.26,77,93,14.67,BS,1605216394
375,kutum,14.2,24.67,67.03,26,1,12.59,SD,1605216308
376,williston,48.15,-103.62,25.0,62,1,8.05,US,1605216394
377,dunedin,-45.87,170.5,62.01,70,0,2.06,NZ,1605216291
378,camacha,33.08,-16.33,68.0,82,75,9.17,PT,1605216394
379,niquelandia,-14.47,-48.46,73.67,88,77,3.8,BR,1605216394
380,rio grande,-32.03,-52.1,78.8,61,75,13.87,BR,1605216260
381,atagay,55.1,99.39,31.08,97,94,5.66,RU,1605216395
382,gamba,-2.65,10.0,77.68,90,100,3.56,GA,1605216395
383,broken hill,-31.95,141.43,60.8,59,90,10.29,AU,1605216395
384,algeciras,36.13,-5.45,64.4,93,87,14.99,ES,1605216395
385,khor,47.89,134.95,29.16,97,100,16.6,RU,1605216396
386,thinadhoo,0.53,72.93,82.65,71,100,3.11,MV,1605216396
387,ponta delgada,37.73,-25.67,59.0,72,20,6.93,PT,1605216148
388,senaki,42.27,42.07,44.6,93,0,4.7,GE,1605216396
389,oriximina,-1.77,-55.87,89.62,50,30,4.59,BR,1605216396
390,atambua,-9.11,124.89,74.52,78,51,1.48,ID,1605216396
391,namtsy,62.72,129.67,8.6,84,90,4.47,RU,1605216397
392,paso de patria,-27.25,-58.55,89.6,31,0,9.17,AR,1605216397
393,kismayo,-0.36,42.55,80.55,81,90,10.38,SO,1605216397
394,vestmanna,62.16,-7.17,48.2,93,100,27.51,FO,1605216397
395,yuza,39.0,139.92,45.77,69,0,3.74,JP,1605216398
396,zhaoyuan,37.36,120.4,48.99,89,0,6.13,CN,1605216398
397,witbank,-25.87,29.23,62.85,54,0,7.07,ZA,1605216398
398,muroto,33.28,134.15,60.8,77,75,9.17,JP,1605216398
399,palana,59.12,159.97,18.59,95,100,10.78,RU,1605216398
400,leeuwarden,53.2,5.81,46.99,93,53,6.93,NL,1605216315
401,bellavista,-7.06,-76.59,89.6,55,40,3.36,PE,1605216398
402,auchi,7.07,6.27,77.54,55,76,1.54,NG,1605216399
403,murgab,37.5,61.97,48.2,87,40,4.7,TM,1605216367
404,gwadar,25.12,62.33,74.12,63,0,6.73,PK,1605216399
405,nanma,36.18,118.16,49.84,59,0,3.22,CN,1605216399
406,zhigansk,66.77,123.37,7.72,95,100,12.41,RU,1605216399
407,nemuro,43.32,145.57,48.81,73,15,18.88,JP,1605216400
408,pringsewu,-5.36,104.97,74.05,93,58,1.05,ID,1605216400
409,namibe,-15.2,12.15,72.14,79,83,5.55,AO,1605216400
410,kavaratti,10.57,72.64,82.11,70,0,7.16,IN,1605216400
411,mbandaka,0.05,18.26,76.1,76,45,2.01,CD,1605216400
412,coihaique,-45.58,-72.07,57.2,47,75,6.93,CL,1605216400
413,eregli,37.51,34.05,43.23,64,0,0.4,TR,1605216401
414,kushima,31.46,131.23,46.4,100,20,3.36,JP,1605216401
415,jizan,17.33,42.67,84.2,79,40,3.2,SA,1605216401
416,angoche,-16.23,39.91,77.31,83,47,9.26,MZ,1605216401
417,iwakura,35.28,136.87,53.6,81,40,8.05,JP,1605216401
418,port hardy,50.7,-127.42,42.8,87,75,25.28,CA,1605216402
419,isangel,-19.55,169.27,78.33,70,87,5.44,VU,1605216402
420,ati,13.22,18.34,86.54,21,3,7.02,TD,1605216402
421,palaikastron,35.2,26.25,64.0,55,32,5.01,GR,1605216402
422,nhulunbuy,-12.23,136.77,82.4,74,0,8.05,AU,1605216402
423,naples,40.83,14.25,59.0,93,20,2.24,IT,1605216177
424,perth,-31.93,115.83,64.99,93,75,6.93,AU,1605216350
425,tagusao,9.19,117.81,79.23,81,88,6.06,PH,1605216403
426,tabuk,17.42,121.44,73.22,91,97,1.81,PH,1605216403
427,ambo,-10.13,-76.2,82.4,39,20,6.93,PE,1605216403
428,prosvet,55.57,65.08,23.31,97,100,8.03,RU,1605216403
429,diban,35.04,40.52,64.51,41,0,7.85,SY,1605216403
430,kloulklubed,7.04,134.26,77.0,94,75,8.72,PW,1605216404
431,gayny,60.31,54.32,18.84,97,96,7.63,RU,1605216404
432,koslan,63.46,48.9,22.23,98,44,2.95,RU,1605216404
433,igarka,67.47,86.58,-6.99,90,0,8.86,RU,1605216404
434,cockburn town,21.46,-71.14,84.2,62,40,17.22,TC,1605216404
435,tiznit,29.58,-9.5,71.58,36,100,3.53,MA,1605216405
436,sheltozero,61.37,35.37,36.66,94,94,6.11,RU,1605216405
437,mbeya,-8.9,33.45,64.29,76,78,4.74,TZ,1605216405
438,alexandria,31.22,29.96,66.2,77,40,2.24,EG,1605216405
439,yelizovo,53.19,158.38,23.0,85,2,6.71,RU,1605216405
440,margate,51.38,1.39,51.01,66,98,16.11,GB,1605216406
441,izhma,65.01,53.91,15.96,94,0,4.99,RU,1605216406
442,biggar,55.62,-3.52,52.0,63,100,11.01,GB,1605216406
443,gemena,3.25,19.77,72.61,87,15,1.48,CD,1605216406
444,utraula,27.32,82.42,67.51,44,0,5.95,IN,1605216406
445,nanortalik,60.14,-45.24,30.49,92,100,3.67,GL,1605216406
446,oudtshoorn,-33.59,22.2,62.6,93,0,5.82,ZA,1605216407
447,marsa matruh,31.35,27.25,64.4,68,40,4.7,EG,1605216407
448,voh,-20.97,164.7,77.13,72,41,5.57,NC,1605216407
449,katherine,-14.47,132.27,80.6,65,0,6.93,AU,1605216407
450,salinopolis,-0.61,-47.36,81.12,79,77,10.76,BR,1605216346
451,pocone,-16.26,-56.62,84.94,54,39,4.38,BR,1605216408
452,lavrentiya,65.58,-171.0,29.95,94,100,23.49,RU,1605216408
453,kosonsoy,41.26,71.55,42.8,87,90,4.7,UZ,1605216408
454,gao,16.64,1.64,76.24,18,0,11.54,ML,1605216408
455,wuan,31.68,112.0,55.2,61,0,3.87,CN,1605216408
456,weinan,34.5,109.51,39.2,100,38,2.24,CN,1605216409
457,millinocket,45.66,-68.71,46.4,61,1,6.93,US,1605216409
458,haicheng,40.85,122.75,38.12,68,0,5.32,CN,1605216409
459,havelock,34.88,-76.9,64.99,100,90,12.75,US,1605216409
460,oia,40.54,-8.54,57.99,87,98,1.99,PT,1605216409
461,lompoc,34.64,-120.46,64.0,63,1,13.87,US,1605216168
462,taltal,-25.4,-70.48,64.35,58,23,5.82,CL,1605216410
463,sao felix do xingu,-6.64,-51.99,84.85,61,99,2.35,BR,1605216410
464,aketi,2.74,23.78,72.77,82,11,1.54,CD,1605216410
465,puerto baquerizo moreno,-0.9,-89.6,71.6,88,90,5.82,EC,1605216141
466,doctor cecilio baez,-25.05,-56.32,84.04,56,63,4.36,PY,1605216410
467,punta alta,-38.88,-62.07,76.39,49,5,16.62,AR,1605216171
468,marienburg,54.04,19.03,42.01,100,100,8.93,PL,1605216410
469,bolshaya dzhalga,45.97,42.7,32.14,87,33,6.71,RU,1605216411
470,denpasar,-8.65,115.22,82.4,83,40,2.24,ID,1605216122
471,galich,58.38,42.35,29.77,97,74,6.06,RU,1605216411
472,neepawa,50.23,-99.47,12.2,66,20,11.41,CA,1605216411
473,turukhansk,65.82,87.98,5.38,93,97,3.04,RU,1605216411
474,yiyang,28.59,112.33,55.63,72,0,4.9,CN,1605216412
475,iguape,-24.71,-47.56,74.3,85,100,4.72,BR,1605216412
476,boa vista,2.82,-60.67,82.4,78,40,6.93,BR,1605216412
477,santo nino,6.43,124.7,73.76,89,90,1.14,PH,1605216412
478,saint paul,44.94,-93.09,28.99,86,90,9.17,US,1605216189
479,kyzyl-suu,42.34,78.01,37.65,76,98,2.62,KG,1605216215
480,manica,49.0,-1.17,44.6,93,0,5.82,FR,1605216412
481,caucaia,-3.74,-38.65,82.4,74,20,10.29,BR,1605216413
482,aykhal,66.0,111.5,14.0,92,90,6.71,RU,1605216413
483,brighton,50.83,-0.14,54.0,81,20,14.99,GB,1605216202
484,jalu,29.03,21.55,64.45,61,0,4.34,LY,1605216413
485,manokwari,-0.87,134.08,79.38,75,96,3.6,ID,1605216413
486,flin flon,54.77,-101.86,3.2,84,40,6.93,CA,1605216413
487,pontianak,-0.03,109.33,76.15,94,84,2.26,ID,1605216414
488,araouane,18.9,-3.53,80.46,16,0,5.93,ML,1605216414
489,port elizabeth,-33.92,25.57,64.4,93,0,18.34,ZA,1605216414
490,bahia honda,22.9,-83.16,81.72,80,22,2.93,CU,1605216414
491,portachuelo,-17.35,-63.4,84.2,62,40,11.41,BO,1605216414
492,bagru,26.81,75.54,62.6,59,0,2.24,IN,1605216414
493,ribeira grande,38.52,-28.7,60.8,77,40,4.7,PT,1605216414
494,gander,48.97,-54.59,48.2,57,40,9.17,CA,1605216415
495,darnah,32.77,22.64,66.67,73,21,5.86,LY,1605216415
496,osa,57.28,55.46,24.49,97,100,9.93,RU,1605216415
497,kathu,7.92,98.33,84.0,94,40,4.7,TH,1605216415
498,coxim,-18.51,-54.76,76.5,83,100,4.56,BR,1605216415
499,pasighat,28.07,95.33,64.67,60,0,3.09,IN,1605216415
500,poli,-3.33,36.8,62.29,86,14,3.24,TZ,1605216416
501,san cristobal,7.77,-72.22,84.2,58,40,6.93,VE,1605216416
502,zeya,53.75,127.27,17.4,92,0,4.61,RU,1605216416
503,tarko-sale,64.92,77.78,1.0,86,92,9.08,RU,1605216416
504,laurel,39.1,-76.85,51.01,93,90,6.93,US,1605216328
505,kemijarvi,66.71,27.43,37.0,93,100,9.13,FI,1605216416
506,saint anthony,45.02,-93.22,28.4,68,90,10.29,US,1605216417
507,sabang,5.89,95.32,81.36,79,94,7.38,ID,1605216417
508,sur,22.57,59.53,71.76,67,0,3.18,OM,1605216417
509,ust-kuyga,70.02,135.6,-7.26,89,50,6.26,RU,1605216417
510,ketchikan,55.34,-131.65,44.6,100,90,17.22,US,1605216417
511,impfondo,1.64,18.07,74.64,77,82,1.9,CG,1605216417
512,tokur,53.13,132.9,16.9,97,100,4.83,RU,1605216418
513,vredendal,-31.67,18.5,75.27,29,0,4.27,ZA,1605216418
514,sakaiminato,35.55,133.23,41.0,100,20,5.82,JP,1605216418
515,ishigaki,24.34,124.16,73.4,100,75,20.8,JP,1605216418
516,kindu,-2.95,25.95,72.28,85,83,0.38,CD,1605216418
517,bafoulabe,13.81,-10.83,83.21,15,0,7.23,ML,1605216418
518,stornoway,58.21,-6.39,52.0,87,100,29.97,GB,1605216419
519,sasovo,54.35,41.92,29.84,97,19,8.01,RU,1605216419
520,obo,5.4,26.49,71.22,65,92,2.53,CF,1605216419
521,mackenzie,55.3,-123.17,26.6,86,90,10.29,CA,1605216419
522,chernyshevskiy,63.01,112.47,21.38,98,100,9.17,RU,1605216419
523,drovyanaya,51.58,113.03,10.4,85,7,2.59,RU,1605216419
524,milkovo,54.72,158.62,22.08,90,17,4.05,RU,1605216420
525,kulunda,52.57,78.94,23.43,98,81,9.73,RU,1605216420
526,bairiki,1.33,172.98,84.2,70,75,11.41,KI,1605216420
527,cobija,-11.03,-68.77,91.49,44,98,2.17,BO,1605216420
528,madaoua,14.07,5.96,78.49,20,1,8.05,NE,1605216420
529,nisia floresta,-6.09,-35.21,80.6,74,20,12.75,BR,1605216420
530,santa fe,-31.63,-60.7,90.0,19,31,4.0,AR,1605216364
531,simpang,-1.27,104.08,76.12,90,75,1.68,ID,1605216421
532,porto novo,6.5,2.6,84.2,83,20,8.05,BJ,1605216421
533,asuncion nochixtlan,17.47,-97.23,71.11,31,58,7.83,MX,1605216421
534,novovarshavka,54.17,74.69,25.74,94,83,11.5,RU,1605216421
535,svetlogorsk,52.63,29.73,36.36,85,100,7.29,BY,1605216421
536,vila franca do campo,37.72,-25.43,59.0,72,20,6.93,PT,1605216421
537,utena,55.5,25.6,38.34,84,100,8.95,LT,1605216422
538,henties bay,-22.12,14.28,60.01,89,8,8.21,NA,1605216422
539,guiyang,26.58,106.72,42.8,87,0,3.49,CN,1605216422
540,west wendover,40.74,-114.07,39.2,38,1,6.93,US,1605216422
541,moose factory,51.26,-80.61,32.0,100,90,4.7,CA,1605216422
542,ahipara,-35.17,173.17,64.62,66,0,2.71,NZ,1605216185
543,bereda,43.27,-7.54,55.99,88,93,2.84,ES,1605216423
544,shelburne,44.08,-80.2,48.99,40,0,3.4,CA,1605216423
545,miri,4.41,114.01,77.0,100,40,1.12,MY,1605216423
546,luanda,-8.84,13.23,80.6,78,40,11.41,AO,1605216423
